id,title,authors,abstract,categories,published,url,resource_uri,no,total_results
2605.13312v1,Supervised Deep Multimodal Matrix Factorization for Interpretable Brain Network Analysis,"['Amjad Seyedi', 'Lifang He', 'Songlin Zhao', 'Akwum Onwunta', 'Nicolas Gillis']","We present Supervised Deep Multimodal Matrix Factorization (SD3MF), an interpretable framework for integrative brain network analysis that generalizes Symmetric Nonnegative Matrix Tri-Factorization (SNMTF) from unsupervised single-graph clustering to supervised prediction over populations of multimodal graphs. SD3MF learns deep hierarchical factorizations for each modality together with a shared latent representation that aligns subjects across views. An encoder-decoder formulation jointly optimizes graph reconstruction and supervised prediction, while adaptive weights enable data-driven multimodal fusion. By representing each subject through community-level interaction matrices, the model yields interpretable and discriminative features. Experiments on multimodal connectome datasets show that SD3MF consistently outperforms strong deep learning baselines such as CNNs and GNNs, while enabling biologically interpretable insights. Code for reproducibility is available at: https://github.com/amjadseyedi/SD3MF.",['cs.LG'],2026-05-13T10:26:18+00:00,https://arxiv.org/pdf/2605.13312v1,arxiv://2605.13312v1,1,15
2605.12901v1,A Bayesian Adaptive Latent Mixture Model for Zero-Inflated Weighted Brain Connectome Analysis,"['Hsin-Hsiung Huang', 'Yuh-Haur Chen', 'Teng Zhang']","Replicated weighted networks often exhibit many structural zeros alongside heterogeneous non-zero edge strengths. In structural connectomics, this zero-inflation coincides with subjects expressing overlapping, rather than discrete, connectivity patterns. To address these features, we propose a Bayesian adaptive latent mixture model for zero-inflated weighted networks. Our approach represents each subject network as a simplex mixture of shared low-rank latent score matrices, integrated with a hurdle likelihood that separates edge existence from conditional edge strength. A sparsity-coupling parameter enables absent edges to be either independent of, or informative about, the latent connectivity. For computation, we employ transformed Hamiltonian Monte Carlo on unconstrained coordinates, selecting the number of templates via predictive fit, held-out link prediction, and template stability. Theoretically, we establish posterior consistency, local asymptotic normality, a Bernstein--von Mises approximation, and predictive consistency for an identifiable quotient-space estimand under a fixed-template scenario. Simulations demonstrate performance gains over topology-only baselines in settings with mixed memberships or structure-informed sparsity. Applied to Human Connectome Project data, the model recovers stable latent score patterns and heterogeneous subject-level mixtures, with behavioural analyses serving strictly as exploratory annotations rather than confirmatory biomarker claims.","['stat.ME', 'stat.AP', 'stat.CO']",2026-05-13T02:25:09+00:00,https://arxiv.org/pdf/2605.12901v1,arxiv://2605.12901v1,2,15
2604.18470v1,High-fidelity and Network-based Spatio-temporal Mathematical Models of Alzheimer's Disease Progression and their Validation Against PET-SUVR Imaging Data,"['Beatrice Caon', 'Mattia Corti', 'Francesca Bonizzoni', 'Paola F. Antonietti']","Alzheimer's disease is the most common neurodegenerative disorder. Its pathological development is connected with the misfolding and accumulation of two toxic proteins: amyloid-beta and tau proteins. Mathematical models provide a valuable quantitative tool for monitoring disease progression. In this work, we proposed and compare a novel framework where the spatio-temporal dynamics of amyloid-beta and tau proteins is modeled based on employing either three-dimensional patient-specific geometries or through reduced network-based models defined on the brain connectome. More specifically, a high-fidelity biophysical model is proposed on three-dimensional brain geometries reconstructed from magnetic resonance imaging, whereas a network-based reduced formulation is defined on the brain connectome. For both approaches, a suitable numerical discretisation is proposed. A sensitivity analysis is presented to quantify the influence of model parameters on protein concentration patterns as well as compare the quality of the predictions. For both approaches, the results are validated against PET-SUVR clinical data using 18FAZD4694 for amyloid-beta and 18FMK6240 for tau protein. The results indicate that the three-dimensional model provides the most accurate and biologically consistent description of the disease progression, but remains computationally demanding. On the other hand, the reduced graph-based model is cheaper, but it is not always able to achieve reliable results.","['math.NA', 'q-bio.NC']",2026-04-20T16:22:22+00:00,https://arxiv.org/pdf/2604.18470v1,arxiv://2604.18470v1,3,15
2604.02057v1,Thermodynamic connectivity reveals functional specialization and multiplex organization of extrasynaptic signaling,"['Giridhar Sunil', 'Habib Benali', 'Elkaïoum M. Moutuou']","Neural communication operates on both fast synaptic transmission and slower, diffusive extrasynaptic signaling, yet how these two modes jointly organize brain function remains unclear. Here, using the complete synaptic and neuropeptidergic connectomes of \emph{Caenorhabditis elegans}, we develop a unified multiplex framework linking anatomical wiring to functional communication. We infer structure-derived functional connectivity from the synaptic connectome using equilibrium principles from statistical physics, yielding a probabilistic map of information flow across all synaptic pathways, and compare this functional layer directly with the extrasynaptic connectome. This reveals a principled functional specialization across four communication regimes: (i) a topology-dependent layer that reinforces and stabilizes synaptic motor circuits, (ii) a topology-resilient modulatory layer supporting global regulation and behavioral state control, (iii) a purely extrasynaptic network sustaining survival and homeostasis, and (iv) a purely synaptic regime mediating rapid, low-latency sensorimotor processing. Together, these findings reveal that synaptic and extrasynaptic signaling form complementary architectures optimized for speed, modulation, robustness, and survival, and provide a general strategy for integrating structural and modulatory connectomes to understand how distinct communication modes cooperate to sustain coherent brain function.","['q-bio.NC', 'cond-mat.dis-nn', 'nlin.AO', 'physics.bio-ph', 'physics.data-an']",2026-04-02T13:55:40+00:00,https://arxiv.org/pdf/2604.02057v1,arxiv://2604.02057v1,4,15
2603.21032v1,Integrative Predictor-Dependent Learning of Network Data and Spatially Correlated Nodal Attributes for Multimodal Brain Imaging in Aging,"['Jose Rodriguez-Acosta', 'Sharmistha Guha', 'Jessica Bernard', 'Thamires Magalhaes', 'Kaitlin McOwen']","This article introduces a predictor-dependent joint modeling framework for network data obtained from multiple subjects over a shared set of nodes with spatial co-ordinates and spatially correlated nodal attributes. The framework is highly flexible, allowing concurrent inference on nodes significantly associated with a predictor, spatial associations of nodal attributes and the regression relationship between a predictor and edge connecting a pair of nodes or a specific nodal attribute. Empirical results indicate a superior performance of the proposed approach due to accounting for network structure and spatial correlation in the data simultaneously. The methodology analyzes multimodal brain imaging data collected first-hand in the coauthor's Lifespan Cognitive and Motor Neuroimaging Laboratory, with a focus on integrating structural and functional information. It examines brain connectivity, represented as a connectome network across regions of interest (ROIs) derived from functional magnetic resonance imaging (fMRI), while also incorporating ROI-specific attributes obtained from structural MRI data, for each subject. Subject-specific aging-related features and spatial locations of ROIs are incorporated in the analysis. This framework facilitates robust inference on the associations between predictors and brain connectivity patterns, the spatial relationships among ROI-specific attributes, and the regression relationships involving edges or ROI-specific attributes with aging-related predictors. By integrating these diverse data sources, the approach provides a deeper understanding of the complex interplay between brain structure, function, aging-related changes, and external predictors. As a model-based Bayesian approach, it provides uncertainty quantification for all inferences, offering robust and reliable results, particularly in scenarios with limited sample size.","['stat.AP', 'stat.ME']",2026-03-22T03:05:53+00:00,https://arxiv.org/pdf/2603.21032v1,arxiv://2603.21032v1,5,15
2603.08108v2,Tau-BNO: Brain Neural Operator for Tau Transport Model,"['Nuutti Barron', 'Heng Rao', 'Urmi Saha', 'Yu Gu', 'Zhenghao Liu', 'Ge Yu', 'Defu Yang', 'Ashish Raj', 'Minghan Chen']","Mechanistic modeling provides a biophysically grounded framework for studying the spread of pathological tau protein in tauopathies like Alzheimer's disease. Existing approaches typically model tau propagation as a diffusive process on the brain's structural connectome, reproducing macroscopic patterns but neglecting microscale cellular transport and reaction mechanisms. The Network Transport Model (NTM) was introduced to fill this gap, explaining how region-level progression of tau emerges from microscale biophysical processes. However, the NTM faces a common challenge for complex models defined by large systems of partial differential equations: the inability to perform parameter inference and mechanistic discovery due to high computational burden and slow model simulations. To overcome this barrier, we propose Tau-BNO, a Brain Neural Operator surrogate framework for rapidly approximating NTM dynamics that captures both intra-regional reaction kinetics and inter-regional network transport. Tau-BNO combines a function operator that encodes kinetic parameters with a query operator that preserves initial state information, while approximating anisotropic transport through a spectral kernel that retains directionality. Empirical evaluations demonstrate high predictive accuracy ($R^2\approx$ 0.98) across diverse biophysical regimes and an 89\% performance improvement over state-of-the-art sequence models like Transformers and Mamba, which lack inherent structural priors. By reducing simulation time from hours to seconds, we show that the surrogate model is capable of producing new insights and generating new hypotheses. This framework is readily extensible to a broader class of connectome-based biophysical models, showcasing the transformative value of deep learning surrogates to accelerate analysis of large-scale, computationally intensive dynamical systems.","['cs.CE', 'cs.LG']",2026-03-09T08:52:02+00:00,https://arxiv.org/pdf/2603.08108v2,arxiv://2603.08108v2,6,15
2602.01551v2,Bayesian brain mapping: a population-informed framework for personalized functional network topography and connectivity,"['Nohelia Da Silva Sanchez', 'Diego Derman', 'Damon D. Pham', 'Ellyn R. Butler', 'Mary Beth Nebel', 'Amanda F. Mejia']","The spatial topography of functional brain organization is increasingly recognized to play an important role in cognition and disease. Accounting for individual differences in functional topography is also crucial for accurately distinguishing spatial and temporal aspects of functional brain connectivity. Yet, accurate estimation of personalized functional brain networks from functional magnetic resonance imaging (fMRI) without extensive scanning remains challenging due to high noise levels. Here, we describe Bayesian Brain Mapping (BBM), a technique for personalized functional topography and connectivity informed by population information. BBM relies on population-derived priors on both spatial topography of networks and between-network functional connectivity to guide subject-level estimation and combat noise. These priors are based on existing spatial templates, such as parcellations or continuous network maps, providing correspondence to those templates. Yet BBM is highly flexible, avoiding strong spatial or temporal constraints and allowing for overlap between networks and heterogeneous patterns of engagement. BBM is designed for single-subject analysis, making it computationally efficient and translatable to clinical settings. Here, we describe the BBM model and illustrate the use of the BayesBrainMap R package to construct population-derived priors, fit the model, and perform inference to identify engagements. A demo is provided in an accompanying Github repo. We also share priors derived from the Human Connectome Project and provide code to support the construction of priors from different data sources, lowering the barrier to adoption of BBM for studies of individual brain organization.",['stat.AP'],2026-02-02T02:40:59+00:00,https://arxiv.org/pdf/2602.01551v2,arxiv://2602.01551v2,7,15
2601.17073v1,Attention-Based Variational Framework for Joint and Individual Components Learning with Applications in Brain Network Analysis,"['Yifei Zhang', 'Meimei Liu', 'Zhengwu Zhang']","Brain organization is increasingly characterized through multiple imaging modalities, most notably structural connectivity (SC) and functional connectivity (FC). Integrating these inherently distinct yet complementary data sources is essential for uncovering the cross-modal patterns that drive behavioral phenotypes. However, effective integration is hindered by the high dimensionality and non-linearity of connectome data, complex non-linear SC-FC coupling, and the challenge of disentangling shared information from modality-specific variations. To address these issues, we propose the Cross-Modal Joint-Individual Variational Network (CM-JIVNet), a unified probabilistic framework designed to learn factorized latent representations from paired SC-FC datasets. Our model utilizes a multi-head attention fusion module to capture non-linear cross-modal dependencies while isolating independent, modality-specific signals. Validated on Human Connectome Project Young Adult (HCP-YA) data, CM-JIVNet demonstrates superior performance in cross-modal reconstruction and behavioral trait prediction. By effectively disentangling joint and individual feature spaces, CM-JIVNet provides a robust, interpretable, and scalable solution for large-scale multimodal brain analysis.","['cs.LG', 'cs.CV', 'stat.ML']",2026-01-23T00:28:43+00:00,https://arxiv.org/pdf/2601.17073v1,arxiv://2601.17073v1,8,15
2512.24901v1,Spectral Graph Neural Networks for Cognitive Task Classification in fMRI Connectomes,"['Debasis Maji', 'Arghya Banerjee', 'Debaditya Barman']","Cognitive task classification using machine learning plays a central role in decoding brain states from neuroimaging data. By integrating machine learning with brain network analysis, complex connectivity patterns can be extracted from functional magnetic resonance imaging connectomes. This process transforms raw blood-oxygen-level-dependent (BOLD) signals into interpretable representations of cognitive processes. Graph neural networks (GNNs) further advance this paradigm by modeling brain regions as nodes and functional connections as edges, capturing topological dependencies and multi-scale interactions that are often missed by conventional approaches. Our proposed SpectralBrainGNN model, a spectral convolution framework based on graph Fourier transforms (GFT) computed via normalized Laplacian eigendecomposition. Experiments on the Human Connectome Project-Task (HCPTask) dataset demonstrate the effectiveness of the proposed approach, achieving a classification accuracy of 96.25\%. The implementation is publicly available at https://github.com/gnnplayground/SpectralBrainGNN to support reproducibility and future research.",['cs.LG'],2025-12-31T14:54:06+00:00,https://arxiv.org/pdf/2512.24901v1,arxiv://2512.24901v1,9,15
2512.08756v1,Genetic Regression Analysis of Human Brain Connectivity Using an Efficient Estimator of Genetic Covariance,"['Keshav Motwani', 'Ali Shojaie', 'Ariel Rokem', 'Eardi Lila']","Non-invasive measurements of the human brain using magnetic resonance imaging (MRI) have significantly improved our understanding the brain's network organization by enabling measurement of anatomical connections between brain regions (structural connectivity) and their coactivation (functional connectivity). Heritability analyses have established that genetics account for considerable intersubject variability in structural and functional connectivity. However, characterizing how genetics shape the relationship between structural and functional connectomes remains challenging, since this association is obscured by unique environmental exposures in observed data. To address this, we develop a regression analysis framework that enables characterization of the relationship between latent genetic contributions to structural and functional connectivity. Implementing the proposed framework requires estimating genetic covariance matrices in multivariate random effects models, which is computationally intractable for high-dimensional connectome data using existing methods. We introduce a constrained method-of-moments estimator that is several orders of magnitude faster than existing methods without sacrificing estimation accuracy. For the genetic regression analysis, we develop regularized estimation approaches, including ridge, lasso, and tensor regression. Applying our method to Human Connectome Project data, we find that functional connectivity is moderately predictable from structure at the genetic level (max R^2 = 0.34), though it is not directly predictable in the observed data (max R^2 = 0.03). This stark contrast suggests that unique environmental factors mask strong genetically-encoded structure-function relationships.",['stat.AP'],2025-12-09T16:06:38+00:00,https://arxiv.org/pdf/2512.08756v1,arxiv://2512.08756v1,10,15
2511.14922v1,Integrating Causal Inference with Graph Neural Networks for Alzheimer's Disease Analysis,"['Pranay Kumar Peddi', 'Dhrubajyoti Ghosh']","Deep graph learning has advanced Alzheimer's (AD) disease classification from MRI, but most models remain correlational, confounding demographic and genetic factors with disease specific features. We present Causal-GCN, an interventional graph convolutional framework that integrates do-calculus-based back-door adjustment to identify brain regions exerting stable causal influence on AD progression. Each subject's MRI is represented as a structural connectome where nodes denote cortical and subcortical regions and edges encode anatomical connectivity. Confounders such as age, sec, and APOE4 genotype are summarized via principal components and included in the causal adjustment set. After training, interventions on individual regions are simulated by serving their incoming edges and altering node features to estimate average causal effects on disease probability. Applied to 484 subjects from the ADNI cohort, Causal-GCN achieves performance comparable to baseline GNNs while providing interpretable causal effect rankings that highlight posterior, cingulate, and insular hubs consistent with established AD neuropathology.","['cs.LG', 'stat.ME']",2025-11-18T21:22:24+00:00,https://arxiv.org/pdf/2511.14922v1,arxiv://2511.14922v1,11,15
2511.07344v1,Higher-Order Interactions in Brain Connectomics: Implicit versus Explicit Modeling Approaches,"['Mohamma Reza Salehi', 'Ali BashirGonbadi', 'Hamid Soltanian-Zadeh']","The human brain is a complex system defined by multi-way, higher-order interactions invisible to traditional pairwise network models. Although a diverse array of analytical methods has been developed to address this shortcoming, the field remains fragmented, lacking a unifying conceptual framework that integrates and organizes the rapidly expanding methodological landscape of higher-order brain connectivity. This review provides a synthesis of the methodologies for studying higher-order brain connectivity. We propose a fundamental distinction between implicit paradigms, which quantify the statistical strength of group interactions, and explicit paradigms, which construct higher-order structural representations like hypergraphs and topological data analysis. We trace the evolution of each approach, from early Correlation-of-Correlations and information-theoretic concepts of synergy/redundancy, to the edge-centric paradigm and advanced topological methods. Through a critical analysis of conceptual, statistical, and computational challenges, we argue that the future of the field lies not in a single best method, but in a principled integration of these complementary approaches. This manuscript aims to provide a unified map and a critical perspective to guide researchers toward a robust and insightful understanding of the brain's complex, multi-level architecture.",['q-bio.QM'],2025-11-10T17:45:30+00:00,https://arxiv.org/pdf/2511.07344v1,arxiv://2511.07344v1,12,15
2511.05630v1,BrainCSD: A Hierarchical Consistency-Driven MoE Foundation Model for Unified Connectome Synthesis and Multitask Brain Trait Prediction,"['Xiongri Shen', 'Jiaqi Wang', 'Yi Zhong', 'Zhenxi Song', 'Leilei Zhao', 'Liling Li', 'Yichen Wei', 'Lingyan Liang', 'Shuqiang Wang', 'Baiying Lei', 'Demao Deng', 'Zhiguo Zhang']","Functional and structural connectivity (FC/SC) are key multimodal biomarkers for brain analysis, yet their clinical utility is hindered by costly acquisition, complex preprocessing, and frequent missing modalities. Existing foundation models either process single modalities or lack explicit mechanisms for cross-modal and cross-scale consistency. We propose BrainCSD, a hierarchical mixture-of-experts (MoE) foundation model that jointly synthesizes FC/SC biomarkers and supports downstream decoding tasks (diagnosis and prediction). BrainCSD features three neuroanatomically grounded components: (1) a ROI-specific MoE that aligns regional activations from canonical networks (e.g., DMN, FPN) with a global atlas via contrastive consistency; (2) a Encoding-Activation MOE that models dynamic cross-time/gradient dependencies in fMRI/dMRI; and (3) a network-aware refinement MoE that enforces structural priors and symmetry at individual and population levels. Evaluated on the datasets under complete and missing-modality settings, BrainCSD achieves SOTA results: 95.6\% accuracy for MCI vs. CN classification without FC, low synthesis error (FC RMSE: 0.038; SC RMSE: 0.006), brain age prediction (MAE: 4.04 years), and MMSE score estimation (MAE: 1.72 points). Code is available in \href{https://github.com/SXR3015/BrainCSD}{BrainCSD}","['q-bio.NC', 'cs.AI']",2025-11-07T04:40:47+00:00,https://arxiv.org/pdf/2511.05630v1,arxiv://2511.05630v1,13,15
2511.05548v1,Modeling Causal Interactions Across Brain Functional Subnetworks for Population-specific Disease Analysis,"['Alissen Moreno', 'Yingying Zhang', 'Qi Huang', 'Fabian Vazquez', 'Jose A. Nunez', 'Erik Enriquez', 'Dongchul Kim', 'Kaixiong Zhou', 'Hongchang Gao', 'Pengfei Gu', 'Liang Zhan', 'Haoteng Tang']","Current neuroimaging studies on neurodegenerative diseases and psychological risk factors have been developed predominantly in non Hispanic White cohorts, with other populations markedly underrepresented. In this work, we construct directed hyper connectomes among large scale functional brain systems based on causal influences between brain regions, and examine their links to Alzheimer Disease progression and worry levels across racial groups. By using Health and Aging Brain Study Health Disparities (HABS HD) dataset, our experimental results suggest that neglecting racial variation in brain network architecture may reduce predictive performance in both cognitive and affective phenotypes. Important shared and population-specific hyper-connectome patterns related to both AD progression and worry levels were identified. We further observed distinct closed loop directed circuits across groups, suggesting that different populations may rely on distinct feedback based network regulation strategies when supporting cognition or managing emotional states. Together, these results indicate a common backbone of network vulnerability with population-dependent variations in regulatory coordination, underscoring the importance of population-aware neuroimaging models.","['q-bio.NC', 'stat.AP']",2025-11-02T04:04:19+00:00,https://arxiv.org/pdf/2511.05548v1,arxiv://2511.05548v1,14,15
2510.03306v2,Atlas-free Brain Network Transformer,"['Shuai Huang', 'Xuan Kan', 'James J. Lah', 'Deqiang Qiu']","Current atlas-based approaches to brain network analysis rely heavily on standardized anatomical or connectivity-driven brain atlases. However, these fixed atlases often introduce significant limitations, such as spatial misalignment across individuals, functional heterogeneity within predefined regions, and atlas-selection biases, collectively undermining the reliability and interpretability of the derived brain networks. To address these challenges, we propose a novel atlas-free brain network transformer (atlas-free BNT) that leverages individualized brain parcellations derived directly from subject-specific resting-state fMRI data. Our approach computes ROI-to-voxel connectivity features in a standardized voxel-based feature space, which are subsequently processed using the BNT architecture to produce comparable subject-level embeddings. Experimental evaluations on sex classification and brain-connectome age prediction tasks demonstrate that our atlas-free BNT consistently outperforms state-of-the-art atlas-based methods, including elastic net, BrainGNN, Graphormer and the original BNT. Our atlas-free approach significantly improves the precision, robustness, and generalizability of brain network analyses. This advancement holds great potential to enhance neuroimaging biomarkers and clinical diagnostic tools for personalized precision medicine. Reproducible code is available at https://github.com/shuai-huang/atlas_free_bnt","['q-bio.NC', 'cs.AI', 'cs.LG', 'cs.NE', 'eess.IV']",2025-09-30T18:57:02+00:00,https://arxiv.org/pdf/2510.03306v2,arxiv://2510.03306v2,15,15
