id,title,authors,year,journal,citations,abstract,doi,keywords,url,source,sub_domain
hub_001,Rich-club organization of the human connectome,"MP Van Den Heuvel, O Sporns",2011,jneurosci.org,2823,"… of these “brain hubs” is … hubs of the brain and examine their mutual relationship, particularly their structural linkages. Here, we demonstrate that brain hubs form a so-called “rich club,” …",,rich-club; network hubs; connectome,https://www.jneurosci.org/content/31/44/15775.short,scholar,hubs_gradients
hub_002,The neonatal connectome during preterm brain development,"MP Van Den Heuvel, KJ Kersbergen…",2015,academic.oup.com,438,"… coupling (SC-FC coupling, mean/standard: 0.31/0.089). … Heuvel and Sporns 2013), suggesting an early presence of connectivity hubs and a neural rich club in the human brain…",,rich-club; network hubs; connectome; development,https://academic.oup.com/cercor/article-abstract/25/9/3000/2926116,scholar,hubs_gradients
hub_003,Large-scale topology and the default mode network in the mouse connectome,"JM Stafford, BR Jarrett, O Miranda-Dominguez…",2014,pnas.org,299,… connected brain regions (or hubs) also connect strongly with each other (11–13). Advances in rs-fcMRI and its computational evaluation have begun to shed some light on homology …,10.1073/pnas.1404346111,network hubs; default mode network; connectome,https://www.pnas.org/doi/abs/10.1073/pnas.1404346111,scholar,hubs_gradients
hub_004,Network hubs in the human brain,"MP Van den Heuvel, O Sporns",2013,cell.com,2567,… that primarily link nodes within a single module (‘provincial hubs’) from others that predominantly link nodes across different modules (‘connector hubs’) [44]. Low-degree nodes that …,,network hubs; connector hubs; provincial hubs,https://www.cell.com/cognitive-sciences/abstract/S1364-6613(13)00216-7,scholar,hubs_gradients
hub_005,Hierarchical modularity in human brain functional networks,"D Meunier, R Lambiotte, A Fornito, K Ersche…",2009,frontiersin.org,930,"… For example, a provincial hub is a hub with greater intra- vs inter-modular connectivity, thus … hub will play a central role in transferring information from its module to the rest of the network…",10.3389/neuro.11.037.2009/full,network hubs; provincial hubs; modularity,https://www.frontiersin.org/journals/neuroinformatics/articles/10.3389/neuro.11.037.2009/full,scholar,hubs_gradients
hub_006,Abnormal rich club organization and functional brain dynamics in schizophrenia,"MP Van Den Heuvel, O Sporns, G Collin…",2013,jamanetwork.com,754,… Results Rich club organization between high-degree hub … connectivity of the brain’s rich club and the relationship of a … changed functional dynamics in the brain networks of patients. An …,,rich-club; network hubs; brain dynamics; schizophrenia,https://jamanetwork.com/journals/jamapsychiatry/article-abstract/1695592,scholar,hubs_gradients
hub_007,An anatomical substrate for integration among functional networks in human cortex,"MP Van den Heuvel, O Sporns",2013,jneurosci.org,464,"… anatomical brain connectivity have shown that brain hubs are … club nodes in the “connector hubs” of the network (high P i , … the anterior portion) were found to be local provincial hubs. …",,network hubs; connector hubs; provincial hubs,https://www.jneurosci.org/content/33/36/14489.short,scholar,hubs_gradients
hub_008,Rich club organization supports a diverse set of functional network configurations,"M Senden, G Deco, MA De Reus, R Goebel…",2014,Elsevier,156,"… brain, combined with the notion that these putative brain hubs may form a dense interconnected ‘rich club’ collective, we hypothesized that brain connectivity might involve a rich club …",,rich-club; network hubs,https://www.sciencedirect.com/science/article/pii/S1053811914002274,scholar,hubs_gradients
hub_009,"Rich-club neurocircuitry: function, evolution, and vulnerability","A Griffa, MP Van Den Heuvel",2018,Taylor & Francis,111,"… Citation22,Citation43 The cat connectome displays spatially dislocated but topologically central hubs, forming a rich club that is responsible for inter-modular communication. Citation10,…",10.31887/DCNS.2018.20.2/agriffa,rich-club; network hubs; connectome; modularity,https://www.tandfonline.com/doi/abs/10.31887/DCNS.2018.20.2/agriffa,scholar,hubs_gradients
hub_010,Rich-club organization of the newborn human brain,"G Ball, P Aljabar, S Zebari, N Tusor, T Arichi…",2014,pnas.org,446,… organization in mid to late gestation. We demonstrate that a rich club of interconnected cortical hubs is … of connections between core hubs and the rest of the brain. We also consider the …,10.1073/pnas.1324118111,rich-club; network hubs,https://www.pnas.org/doi/abs/10.1073/pnas.1324118111,scholar,hubs_gradients
hub_011,Rich club organization of macaque cerebral cortex and its role in network communication,"L Harriger, MP Van Den Heuvel, O Sporns",2012,journals.plos.org,363,"… graph metrics, determining the network's community structure, and identifying putative hub regions. We then move to an analysis of rich club organization, including its contributions to …",10.1371/journal.pone.0046497,rich-club; network hubs; graph theory,https://journals.plos.org/plosone/article?id=10.1371/journal.pone.0046497,scholar,hubs_gradients
hub_012,Rich-club in the brain's macrostructure: Insights from graph theoretical analysis,"DJ Kim, BK Min",2020,Elsevier,87,… ’s cores or hubs. These regions require high energy cost but … in rich-club organization to address the fundamental roles of the rich-club in the brain and discuss how these core brain …,,rich-club; network hubs; graph theory,https://www.sciencedirect.com/science/article/pii/S2001037020303287,scholar,hubs_gradients
hub_013,The structural–functional connectome and the default mode network of the human brain,"A Horn, D Ostwald, M Reisert, F Blankenburg",2014,Elsevier,487,"… rest of the brain could be identified. Areas forming parts of the ‘default mode network’ (DMN) … Our data suggests that the DMN is the functional brain network, which uses the most direct …",,default mode network; connectome,https://www.sciencedirect.com/science/article/pii/S1053811913010057,scholar,hubs_gradients
hub_014,Structure and dynamics of core/periphery networks,"P Csermely, A London, LY Wu…",2013,academic.oup.com,579,"… of core/periphery network models, rich-clubs, nested network structures, the bow-tie organization of … Thus, the core/periphery organization of the human brain (both in its structure and …",,rich-club,https://academic.oup.com/comnet/article-abstract/1/2/93/2392115,scholar,hubs_gradients
hub_015,Identification and classification of hubs in brain networks,"O Sporns, CJ Honey, R Kötter",2007,journals.plos.org,1433,… We identify hubs and characterize their network contributions … for all regions within the cerebral cortices of both the cat and … brain regions are arranged vertically by hierarchical cluster …,10.1371/journal.pone.0001049,network hubs,https://journals.plos.org/plosone/article?id=10.1371/journal.pone.0001049,scholar,hubs_gradients
hub_016,Functionally linked resting‐state networks reflect the underlying structural connectivity architecture of the human brain,"MP Van Den Heuvel, RCW Mandl…",2009,Wiley Online Library,1265,"… connection between the functionally connected regions of a known resting-state network. … ROI are in turn connected to these structural connectivity hubs. However, our findings do not …",10.1002/hbm.20737,network hubs; functional connectivity; structural connectivity,https://onlinelibrary.wiley.com/doi/abs/10.1002/hbm.20737,scholar,hubs_gradients
hub_017,Gradients in brain organization,"BC Bernhardt, J Smallwood, S Keilholz, DS Margulies",2022,Elsevier,153,"… Bonin, 1951; Sanides, 1962; Von Bonin and Bailey, 1947), recent neuroimaging and network neuroscience studies have made significant progress in the mapping of spatial gradients in …",,connectivity gradients,https://www.sciencedirect.com/science/article/pii/S1053811922001161,scholar,hubs_gradients
hub_018,Hubs in the human fetal brain network,"MI van den Heuvel, E Turk, JH Manning, J Hect…",2018,Elsevier,117,… significantly more when hubs were removed (p < .001)… brain regions demonstrate centrality in network organization before birth. While fetal hubs may be important for facilitating network …,,network hubs; network topology; development,https://www.sciencedirect.com/science/article/pii/S1878929317301755,scholar,hubs_gradients
hub_019,The brain's default mode network,ME Raichle,2015,annualreviews.org,5247,… The default mode network consistently decreases its activity when compared with activity … of the default mode network reignited a longstanding interest in the significance of the brain's …,10.1146/annurev-neuro-071013-014030,default mode network,https://www.annualreviews.org/content/journals/10.1146/annurev-neuro-071013-014030,scholar,hubs_gradients
hub_020,Task-based core-periphery organization of human brain dynamics,"DS Bassett, NF Wymbs, MP Rombach…",2013,journals.plos.org,448,"… To ensure independence of these two variables, we extracted brain network structure during the 4 scanning sessions, and we extracted behavioral estimates of learning in home …",10.1371/journal.pcbi.1003171,core-periphery; brain dynamics,https://journals.plos.org/ploscompbiol/article?id=10.1371/journal.pcbi.1003171,scholar,hubs_gradients
hub_021,Dynamic default mode network across different brain states,"P Lin, Y Yang, J Gao, N De Pisapia, S Ge, X Wang…",2017,nature.com,96,"… default mode network (DMN) is a complex dynamic network … the DMN occurs across different brain states, and whether this … -topology metrics across different brain states. We found that …",,default mode network,https://www.nature.com/articles/srep46088,scholar,hubs_gradients
hub_022,Situating the default-mode network along a principal gradient of macroscale cortical organization,"DS Margulies, SS Ghosh, A Goulas…",2016,pnas.org,2566,"… In brief, for each individual, a functional connectivity matrix was calculated using the … We began with the group-averaged functional connectivity data, which include 820 individuals …",10.1073/pnas.1608282113,connectivity gradients; functional connectivity,https://www.pnas.org/doi/abs/10.1073/pnas.1608282113,scholar,hubs_gradients
hub_023,Multiplex core–periphery organization of the human connectome,"F Battiston, J Guillon, M Chavez…",2018,royalsocietypublishing.org,77,"… k-core decomposition [36,37]. To address this gap, we introduce a criterion to define and detect core–periphery organization in … We have therefore constructed a multiplex brain network …",,connectome,https://royalsocietypublishing.org/rsif/article/15/146/20180514/35939,scholar,hubs_gradients
hub_024,Core-periphery structure in networks (revisited),"P Rombach, MA Porter, JH Fowler, PJ Mucha",2017,SIAM,202,"… is organized … networks that have a planted core-periphery structure, and we use CP(N, d, p, k) to denote this ensemble of networks. (We will consider networks with both core-periphery …",10.1137/17M1130046,core-periphery,https://epubs.siam.org/doi/abs/10.1137/17M1130046,scholar,hubs_gradients
hub_025,Large-scale gradients in human cortical organization,"JM Huntenburg, PL Bazin, DS Margulies",2018,cell.com,1081,"… Similarly, the principal gradient of functional connectivity tracks a functional hierarchy from primary sensory processing to higher-order functions such as social cognition [35]. As …",,connectivity gradients; functional connectivity; cognition,https://www.cell.com/trends/cognitive-sciences/fulltext/S1364-6613(17)30240-1,scholar,hubs_gradients
