id,title,authors,year,journal,citations,abstract,doi,keywords,url,source,sub_domain,result_id
rsfmri_001_f05f1eb3,A default mode of brain function,"ME Raichle, AM MacLeod, AZ Snyder…",2001,Proceedings of the National Academy of Sciences,16247,"A baseline or control state is fundamental to the understanding of most complex systems. Defining a baseline state in the human brain, arguably our most complex system, poses a …",10.1073/pnas.98.2.676,default mode network,https://www.pnas.org/doi/abs/10.1073/pnas.98.2.676,scholar,resting_state_fmri,giMaTAJnxuQJ
rsfmri_002_111c0de2,The brain's default mode network,ME Raichle,2015,Annual Review of Neuroscience,5247,"… resting state), then our understanding of the relationship between the default mode network [ie, a self-centered predictive model of the world (Raichle 2010)] and the DAN (ie, detector of …",10.1146/annurev-neuro-071013-014030,"resting-state fMRI, default mode network, brain networks",https://www.annualreviews.org/content/journals/10.1146/annurev-neuro-071013-014030,scholar,resting_state_fmri,-tC2SqxUZFkJ
rsfmri_003_37e65279,Exploring the brain network: a review on resting-state fMRI functional connectivity,"MP Van Den Heuvel, HEH Pol",2010,European Neuropsychopharmacology,4450,"… use of spontaneous resting-state fMRI in determining functional connectivity, … functional connections tend to be related to structural connections in the brain network and how functional …",10.1016/j.euroneuro.2010.03.013,"resting-state fMRI, functional connectivity, brain networks, structure-function coupling",https://www.sciencedirect.com/science/article/pii/S0924977X10000684,scholar,resting_state_fmri,ncT2ouE-LpMJ
rsfmri_004_da85d9a0,A default mode of brain function: a brief history of an evolving idea,"ME Raichle, AZ Snyder",2007,NeuroImage,2896,… The concept of a default mode of brain function arose out of a … a default mode. While the unique constellation of brain areas provoking this analysis has come to be known as the default …,10.1016/j.neuroimage.2007.02.041,"default mode network, history of fMRI",https://www.sciencedirect.com/science/article/pii/S1053811907001309,scholar,resting_state_fmri,Z8DaZ7s9LUcJ
rsfmri_005_f46f4e5e,Functional connectivity in the resting brain: A network analysis of the default mode hypothesis,"M Greicius, BH Krasnow, AL Reiss, V Menon",2003,Proceedings of the National Academy of Sciences,2314,… We used functional connectivity analysis to identify a network of … of a default mode of brain function. This network was … This functional connectivity analysis revealed a set of …,10.1073/pnas.0437828100,"functional connectivity, default mode network, brain networks",https://www.pnas.org/doi/abs/10.1073/pnas.0437828100,scholar,resting_state_fmri,
rsfmri_006_1faced59,The default mode network and self-referential processes in depression,"…, MA Mintun, S Wang, RS Coalson, ME Raichle",2009,Proceedings of the National Academy of Sciences,1907,"… task, led to the notion of an organized default mode of brain function (2) in which some … regardless of task have come to be known as the default mode network (DMN) (3, 4), which …",10.1073/pnas.0812686106,"default mode network, brain networks, clinical neuroscience, depression",https://www.pnas.org/doi/abs/10.1073/pnas.0812686106,scholar,resting_state_fmri,Dpzed-o8m0YJ
rsfmri_007_c4c6ccc2,Spurious but systematic correlations in functional connectivity MRI networks arise from subject motion,"JD Power, KA Barnes, AZ Snyder…",2012,NeuroImage,1790,"… arise in studies of functional connectivity, especially for fMRI … functional connectivity value and the relative root mean square (RMS) motion of the participant over the course of the scan. …",10.1016/j.neuroimage.2011.10.018,"functional connectivity, brain networks, motion artifacts",https://www.sciencedirect.com/science/article/pii/S1053811911011488,scholar,resting_state_fmri,
rsfmri_008_dbef45e8,Local-global parcellation of the human cerebral cortex from intrinsic functional connectivity MRI,"JT Gordon, D Laumann, B Gilmore…",2016,Cerebral Cortex,1714,… Here we use functional connectivity MRI (fcMRI) to parcellate the human cerebral cortex into … connectivity in the resting state to parcellate the cerebral cortex into distinct functional areas. …,10.1093/cercor/bhu227,"resting-state fMRI, functional connectivity, brain parcellation",https://academic.oup.com/cercor/article/26/1/309/2367075,scholar,resting_state_fmri,
rsfmri_009_17c4853c,Correspondence of the brain's functional architecture during activation and rest,"ML Cole, DS Bassett, J Power, TS Braver, S Petersen",2014,Proceedings of the National Academy of Sciences,1642,"… functional connectivity to provide a full account of the brain's functional architecture, we … and those mapped with functional connectivity MRI (fcMRI). We found that functional …",10.1073/pnas.1405266111,functional connectivity,https://www.pnas.org/doi/abs/10.1073/pnas.1405266111,scholar,resting_state_fmri,
rsfmri_010_b4b14964,Functional connectivity of human striatum: a resting state FMRI study,"A Di Martino, A Scheres, DS Margulies…",2008,Cerebral Cortex,1281,"… Here, we provide a comprehensive functional connectivity analysis of basal ganglia circuitry in humans through a functional magnetic resonance imaging examination during rest. …",10.1093/cercor/bhn110,"resting-state fMRI, functional connectivity, basal ganglia",https://academic.oup.com/cercor/article-abstract/18/12/2735/362114,scholar,resting_state_fmri,aRTVxXT3w3kJ
rsfmri_011_d962976e,Simultaneous assessment of flow and BOLD signals in resting-state functional connectivity maps,"BB Biswal, JV Kylen, JS Hyde",1997,NMR in Biomedicine,920,… functional magnetic resonance imaging the presence of synchronous lowfrequency fluctuations of signal intensities from the resting human brain … the resting-state functional connectivity …,10.1002/(SICI)1099-1492(199706/08)10:4/5<165::AID-NBM454>3.0.CO;2-7,"resting-state fMRI, functional connectivity, BOLD signal",https://analyticalsciencejournals.onlinelibrary.wiley.com/doi/pdf/10.1002/(SICI)1099-1492(199706/08)10:4/5%3C165::AID-NBM454%3E3.0.CO;2-7,scholar,resting_state_fmri,JgUDsQ_nwJUJ
rsfmri_012_9059816f,Resting state fMRI: A review on methods in resting state connectivity analysis and resting state networks,"KA Smitha, K Akhil Raja, KM Arun…",2017,The Neuroscientist,869,"… and prognosis of the disease, thereby offering a promising option in the treatment, presurgical as well as post-surgical monitoring of the functional network architecture of the brain. …",10.1177/1971400917697342,"resting-state fMRI, ICA, brain networks",https://journals.sagepub.com/doi/abs/10.1177/1971400917697342,scholar,resting_state_fmri,SeGc47VuypUJ
rsfmri_013_b0d5b443,Rat brains also have a default mode network,"H Lu, Q Zou, H Gu, ME Raichle, EA Stein…",2012,Proceedings of the National Academy of Sciences,785,The default mode network (DMN) in humans has been suggested to support a variety of cognitive functions and has been implicated in an array of neuropsychological disorders. …,10.1073/pnas.1200506109,"default mode network, ICA, brain networks, animal model",https://www.pnas.org/doi/abs/10.1073/pnas.1200506109,scholar,resting_state_fmri,sH1ce2WR3XYJ
rsfmri_014_d66caff8,Amyloid plaques disrupt resting state default mode network connectivity in cognitively normal elderly,"YI Sheline, ME Raichle, AZ Snyder, JC Morris…",2010,Biological Psychiatry,750,"… portions of the default mode network has been … of default mode network appears to be vigilance and modulation of attention across the sensory domain (15), disruptions to this network …",10.1016/j.biopsych.2009.07.027,"resting-state fMRI, default mode network, brain networks, Alzheimers disease",https://www.sciencedirect.com/science/article/pii/S0006322309010324,scholar,resting_state_fmri,yzn1iSIUd_cJ
rsfmri_015_fcd75ee4,Resting state fMRI: a personal history,BB Biswal,2012,NeuroImage,707,"… Because Dr Karl Friston had used the term functional connectivity to describe temporal … brain regions, we gave the phenomenon the full name, resting state functional connectivity. …",10.1016/j.neuroimage.2012.01.090,"resting-state fMRI, functional connectivity, history of fMRI",https://www.sciencedirect.com/science/article/pii/S1053811912001073,scholar,resting_state_fmri,e6zD2fpxLyIJ
rsfmri_016_48b809d3,"Multisubject independent component analysis of fMRI: a decade of intrinsic networks, default mode, and neurodiagnostic discovery","VD Calhoun, T Adali",2012,IEEE Reviews in Biomedical Engineering,659,"… network was proposed by Raichle. Secondly, multi-subject or group independent component analysis … to study properties of brain networks, including the default mode network. In this …",10.1109/RBME.2012.2211076,"default mode network, ICA, brain networks",https://ieeexplore.ieee.org/abstract/document/6268324/,scholar,resting_state_fmri,GJnyy_yRRzcJ
rsfmri_017_f4d1cf82,Proportional thresholding in resting-state fMRI functional connectivity networks and consequences for patient-control connectome studies: Issues and recommendations,"MP van den Heuvel, SC de Lange, A Zalesky…",2017,NeuroImage,570,… functional connectome studies. In a few simple experiments we show that differences in overall strength of functional connectivity (… between-group differences in network organization. In …,10.1016/j.neuroimage.2017.01.090,"resting-state fMRI, functional connectivity, brain networks, network thresholding",https://www.sciencedirect.com/science/article/pii/S105381191730109X,scholar,resting_state_fmri,cDsaZH2d9GIJ
rsfmri_018_f0ebc57f,A method for functional network connectivity among spatially independent resting-state components in schizophrenia,"VT Calhoun, P Adali…",2004,NeuroImage,417,… We present a method for measuring functional network connectivity (FNC) among … We applied this method to resting-state fMRI data from healthy controls and patients with …,10.1016/j.neuroimage.2004.04.033,"resting-state fMRI, brain networks, clinical neuroscience",https://www.sciencedirect.com/science/article/pii/S1053811904004891,scholar,resting_state_fmri,
rsfmri_019_ba3053d5,The brain's dark energy,ME Raichle,2010,Scientific American,344,… of the brain default mode. Key to an understanding of the brain's default mode has been the … system that has been dubbed the brain's default mode network (DMN). The exact role of the …,10.1038/scientificamerican0310-44,"default mode network, brain networks",https://www.jstor.org/stable/26001942,scholar,resting_state_fmri,yLxgRxDffZ4J
rsfmri_020_d0e0fc0b,Defining functional SMA and pre-SMA subregions in human MFC using resting state fMRI: functional connectivity-based parcellation method,"JH Kim, JM Lee, HJ Jo, SH Kim, JH Lee, ST Kim…",2010,NeuroImage,340,… correlation measures on resting state functional magnetic resonance imaging (fMRI) data … functional connectivity-based parcellation of the human cerebral cortex using resting state fMRI…,10.1016/j.neuroimage.2009.10.016,"resting-state fMRI, functional connectivity, brain parcellation, supplementary motor area",https://www.sciencedirect.com/science/article/pii/S1053811909010878,scholar,resting_state_fmri,n1Ba9W2BbqUJ
rsfmri_021_e1cc327d,An introduction to resting state fMRI functional connectivity,"J Bijsterbosch, SM Smith, C Beckmann",2017,Oxford University Press,296,"… of resting state fMRI and functional connectivity. For many people who fit into this category, the large variety of approaches to functional connectivity … pipeline for resting state fMRI data, …",10.1093/med/9780198808220.001.0001,"resting-state fMRI, functional connectivity",https://books.google.com/books?hl=en&lr=&id=JDwkDwAAQBAJ&oi=fnd&pg=PP1&dq=resting+state+fMRI+functional+connectivity&ots=cbC96Qt3TJ&sig=DzFvSjXS1tsdcS1C4lKx5Iwckvw,scholar,resting_state_fmri,q_NK2zdE7FcJ
rsfmri_022_986aa186,Independent component analysis for brain fMRI does not select for independence,"I Daubechies, E Roussos, S Takerkart…",2009,Proceedings of the National Academy of Sciences,291,… and apparently most effective for brain fMRI. We show that … components rather than independent components as such. The mathematical design of better analysis tools for brain fMRI …,10.1073/pnas.0903525106,"ICA, animal model",https://www.pnas.org/doi/abs/10.1073/pnas.0903525106,scholar,resting_state_fmri,ao-bm88LXfoJ
rsfmri_023_ac29dc39,On the relationship between seed-based and ICA-based measures of functional connectivity,"SE Joel, BS Caffo, PCM Van Zijl…",2011,Magnetic Resonance in Medicine,283,… We derive the relationship and present a simple simulation and an experimental example to … We show that the functional connectivity of the brain as measured using seed-based …,10.1002/mrm.22818,"functional connectivity, ICA, seed-based analysis",https://onlinelibrary.wiley.com/doi/abs/10.1002/mrm.22818,scholar,resting_state_fmri,0aUVA_PsdzkJ
rsfmri_024_c7bcde6c,Task vs. rest—different network configurations between the coactivation and the resting-state brain networks,"X Di, S Gohel, EH Kim, BB Biswal",2013,Frontiers in Human Neuroscience,256,"… Despite the growing popularity of resting-state fMRI to study brain functions, … the brain at resting-state is comparable to the brain during task performing. Given that the evoked cerebral …",10.3389/fnhum.2013.00493,"resting-state fMRI, brain networks, animal model",https://www.frontiersin.org/journals/human-neuroscience/articles/10.3389/fnhum.2013.00493/full,scholar,resting_state_fmri,8fqVa_KpsOsJ
rsfmri_025_19fa8e44,Resting-state fMRI functional connectivity and mindfulness in clinical and non-clinical contexts: A review and synthesis,"I Sezer, DA Pizzagalli, MD Sacchet",2022,Neuroscience & Biobobehavioral Reviews,248,… resting-state fMRI functional connectivity of … functional connectivity and (1) trait mindfulness and (2) mindfulness meditation interventions. Mindfulness is related to functional connectivity …,10.1016/j.neubiorev.2022.104682,"resting-state fMRI, functional connectivity, ICA, mindfulness",https://www.sciencedirect.com/science/article/pii/S0149763422000720,scholar,resting_state_fmri,2zGmyWGnfN4J
