title,authors,year,citations,abstract,result_id,publication_info,pdf_links,url,total_results,search_time
The WU-Minn human connectome project: an overview,"DC Van Essen, SM Smith, DM Barch, TEJ Behrens…",2013,7142,"… The Human Connectome Project consortium led by Washington University, University of … undertaking a systematic effort to map macroscopic human brain circuits and their relationship …",TO1BMcbWxFwJ,"DC Van Essen, SM Smith, DM Barch, TEJ Behrens… - Neuroimage, 2013 - Elsevier",[],https://www.sciencedirect.com/science/article/pii/S1053811913005351,unknown,unknown
The human connectome project: Progress and prospects,"DC Van Essen, MF Glasser",2016,86,"… Overall, our goal in connectomics is to map the hundreds of functionally distinct areas, or ‘parcels’ of the human brain and to understand how these areas are connected and how each …",zUOPFmmiyaUJ,"DC Van Essen, MF Glasser - … : the Dana forum on brain …, 2016 - pmc.ncbi.nlm.nih.gov",[],https://pmc.ncbi.nlm.nih.gov/articles/PMC5198757/,unknown,unknown
Mapping the human connectome,"AW Toga, KA Clark, PM Thompson, DW Shattuck…",2012,245,"… have a comprehensive map of the complete network connectivity structure of the brain of any species, with the notable exception of a worm, Caenorhabditis elegans. In humans, our …",ZSW4V-IH8icJ,"AW Toga, KA Clark, PM Thompson, DW Shattuck… - …, 2012 - journals.lww.com",[],https://journals.lww.com/neurosurgery/fulltext/2012/07000/Mapping_the_Human_Connectome.1.aspx,unknown,unknown
The human connectome project's neuroimaging approach,"MF Glasser, SM Smith, DS Marcus…",2016,1262,… below the diagonal and the partial correlation connectome above the diagonal (white line is the displayed partial correlation brain map). The figure matches the Connectome …,blukN2pJKo4J,"MF Glasser, SM Smith, DS Marcus… - Nature …, 2016 - nature.com",[],https://www.nature.com/articles/nn.4361,unknown,unknown
Human connectome project,"JS Elam, D Van Essen",2022,38,"… brain-mapping experiments, from recovering retinotopic maps in early visual areas to replicating the known faces-versus-places BOLD contrast in higher areas (Eickenberg et al. 2017). …",olQ8egj3ceAJ,"JS Elam, D Van Essen - Encyclopedia of computational neuroscience, 2022 - Springer",[],https://link.springer.com/content/pdf/10.1007/978-1-0716-1006-0_592.pdf,unknown,unknown
Connectome imaging for mapping human brain pathways,"Y Shi, AW Toga",2017,145,… distribution (FOD) reconstructed from Human Connectome Project (HCP) data with the method … can be created with 3 million fiber tracts to visualize the connectome of the human brain. …,_BiLuIq41NgJ,"Y Shi, AW Toga - Molecular psychiatry, 2017 - nature.com",[],https://www.nature.com/articles/mp201792,unknown,unknown
Informatics and data mining tools and strategies for the human connectome project,"DS Marcus, J Harwell, T Olsen, M Hodge…",2011,817,"… The NIH recently funded two consortia under the Human Connectome Project (HCP) 1 . … -Minn HCP consortium’s plan to map human brain circuitry in 1,200 healthy young adults using …",rvLH-sQM2oAJ,"DS Marcus, J Harwell, T Olsen, M Hodge… - Frontiers in …, 2011 - frontiersin.org",[],https://www.frontiersin.org/journals/neuroinformatics/articles/10.3389/fninf.2011.00004/full,unknown,unknown
The Developing Human Connectome Project: typical and disrupted perinatal functional connectivity,"M Eyre, SP Fitzgibbon, J Ciarrusta, L Cordero-Grande…",2021,220,"… brain regions under normal and adverse perinatal circumstances, offering a framework to study the ontogeny of large-scale brain organization in humans. … Brain mapping in term-born …",xvw1rswd5CAJ,"M Eyre, SP Fitzgibbon, J Ciarrusta, L Cordero-Grande… - Brain, 2021 - academic.oup.com",[],https://academic.oup.com/brain/article-abstract/144/7/2199/6178274,unknown,unknown
The Human Connectome Project: a data acquisition perspective,"DC Van Essen, K Ugurbil, E Auerbach, D Barch…",2012,3198,The Human Connectome Project (HCP) is an ambitious 5-year effort to characterize brain connectivity and function and their variability in healthy adults. This review summarizes the …,iP6RypwnOl0J,"DC Van Essen, K Ugurbil, E Auerbach, D Barch… - Neuroimage, 2012 - Elsevier",[],https://www.sciencedirect.com/science/article/pii/S1053811912001954,unknown,unknown
Advances in diffusion MRI acquisition and processing in the Human Connectome Project,"SN Sotiropoulos, S Jbabdi, J Xu, JL Andersson…",2013,1169,The Human Connectome Project (HCP) is a collaborative 5-year effort to map human brain connections and their variability in healthy adults. A consortium of HCP investigators will …,nfEX4qbGHEkJ,"SN Sotiropoulos, S Jbabdi, J Xu, JL Andersson… - Neuroimage, 2013 - Elsevier",[],https://www.sciencedirect.com/science/article/pii/S105381191300551X,unknown,unknown
